C005,Client 1
C006,Client 2
C007,Client 3
C008,Client 4
C009,Client 5
C010,Client 6
C011,Client 7
C012,Client 8
C013,Client 9
C014,Client 10
C015,Client 11
C016,Client 12
C017,Client 13
C018,Client 14
C019,Client 15
C020,Client 16
C021,Client 17
C022,Client 18
C023,Client 19
C024,Client 20
C025,Client 21
C026,Client 22
C027,Client 23
C028,Client 24
C029,Client 25
C030,Client 26
C031,Client 27
C032,Client 28
C033,Client 29
C034,Client 30
C035,Client 31
C036,Client 32
C037,Client 33
C038,Client 34
C039,Client 35
C040,Client 36
C041,Client 37
C042,Client 38
C043,Client 39
C044,Client 40
C045,Client 41
C046,Client 42
C047,Client 43
C048,Client 44
C049,Client 45
C050,Client 46
C051,Client 47
C052,Client 48
C053,Client 49
C054,Client 50
C055,Client 51
C056,Client 52
C057,Client 53
C058,Client 54
C059,Client 55
C060,Client 56
C061,Client 57
C062,Client 58
C063,Client 59
C064,Client 60
C065,Client 61
C066,Client 62
C067,Client 63
C068,Client 64
C069,Client 65
C070,Client 66
C071,Client 67
C072,Client 68
C073,Client 69
C074,Client 70
C075,Client 71
C076,Client 72
C077,Client 73
C078,Client 74
C079,Client 75
C080,Client 76
C081,Client 77
C082,Client 78
C083,Client 79
C084,Client 80
C085,Client 81
C086,Client 82
C087,Client 83
C088,Client 84
C089,Client 85
C090,Client 86
C091,Client 87
C092,Client 88
C093,Client 89
C094,Client 90
C095,Client 91
C096,Client 92
C097,Client 93
C098,Client 94
C099,Client 95
C100,Client 96
C101,Client 97
C102,Client 98
C103,Client 99
C104,Client 100
C105,Client 101
C106,Client 102
C107,Client 103
C108,Client 104
C109,Client 105
C110,Client 106
C111,Client 107
C112,Client 108
C113,Client 109
C114,Client 110
C115,Client 111
C116,Client 112
C117,Client 113
C118,Client 114
C119,Client 115
C120,Client 116
C121,Client 117
C122,Client 118
C123,Client 119
C124,Client 120
C125,Client 121
C126,Client 122
C127,Client 123
C128,Client 124
C129,Client 125
C130,Client 126
C131,Client 127
C132,Client 128
C133,Client 129
C134,Client 130
C135,Client 131
C136,Client 132
C137,Client 133
C138,Client 134
C139,Client 135
C140,Client 136
C141,Client 137
C142,Client 138
C143,Client 139
C144,Client 140
C145,Client 141
C146,Client 142
C147,Client 143
C148,Client 144
C149,Client 145
C150,Client 146
C151,Client 147
C152,Client 148
C153,Client 149
C154,Client 150
C155,Client 151
C156,Client 152
C157,Client 153
C158,Client 154
C159,Client 155
C160,Client 156
C161,Client 157
C162,Client 158
C163,Client 159
C164,Client 160
C165,Client 161
C166,Client 162
C167,Client 163
C168,Client 164
C169,Client 165
C170,Client 166
C171,Client 167
C172,Client 168
C173,Client 169
C174,Client 170
C175,Client 171
C176,Client 172
C177,Client 173
C178,Client 174
C179,Client 175
C180,Client 176
C181,Client 177
C182,Client 178
C183,Client 179
C184,Client 180
C185,Client 181
C186,Client 182
C187,Client 183
C188,Client 184
C189,Client 185
C190,Client 186
C191,Client 187
C192,Client 188
C193,Client 189
C194,Client 190
C195,Client 191
C196,Client 192
C197,Client 193
C198,Client 194
C199,Client 195
C200,Client 196
C201,Client 197
C202,Client 198
C203,Client 199
C204,Client 200
C205,Client 201
C206,Client 202
C207,Client 203
C208,Client 204
C209,Client 205
C210,Client 206
C211,Client 207
C212,Client 208
C213,Client 209
C214,Client 210
C215,Client 211
C216,Client 212
C217,Client 213
C218,Client 214
C219,Client 215
C220,Client 216
C221,Client 217
C222,Client 218
C223,Client 219
C224,Client 220
C225,Client 221
C226,Client 222
C227,Client 223
C228,Client 224
C229,Client 225
C230,Client 226
C231,Client 227
C232,Client 228
C233,Client 229
C234,Client 230
C235,Client 231
C236,Client 232
C237,Client 233
C238,Client 234
C239,Client 235
C240,Client 236
C241,Client 237
C242,Client 238
C243,Client 239
C244,Client 240
C245,Client 241
C246,Client 242
C247,Client 243
C248,Client 244
C249,Client 245
C250,Client 246
C251,Client 247
C252,Client 248
C253,Client 249
C254,Client 250
C255,Client 251
C256,Client 252
C257,Client 253
C258,Client 254
C259,Client 255
C260,Client 256
C261,Client 257
C262,Client 258
C263,Client 259
C264,Client 260
C265,Client 261
C266,Client 262
C267,Client 263
C268,Client 264
C269,Client 265
C270,Client 266
C271,Client 267
C272,Client 268
C273,Client 269
C274,Client 270
C275,Client 271
C276,Client 272
C277,Client 273
C278,Client 274
C279,Client 275
C280,Client 276
C281,Client 277
C282,Client 278
C283,Client 279
C284,Client 280
C285,Client 281
C286,Client 282
C287,Client 283
C288,Client 284
C289,Client 285
C290,Client 286
C291,Client 287
C292,Client 288
C293,Client 289
C294,Client 290
C295,Client 291
C296,Client 292
C297,Client 293
C298,Client 294
C299,Client 295
C300,Client 296
C301,Client 297
C302,Client 298
C303,Client 299
C304,Client 300
C305,Client 301
C306,Client 302
C307,Client 303
C308,Client 304
C309,Client 305
C310,Client 306
C311,Client 307
C312,Client 308
C313,Client 309
C314,Client 310
C315,Client 311
C316,Client 312
C317,Client 313
C318,Client 314
C319,Client 315
C320,Client 316
C321,Client 317
C322,Client 318
C323,Client 319
C324,Client 320
C325,Client 321
C326,Client 322
C327,Client 323
C328,Client 324
C329,Client 325
C330,Client 326
C331,Client 327
C332,Client 328
C333,Client 329
C334,Client 330
C335,Client 331
C336,Client 332
C337,Client 333
C338,Client 334
C339,Client 335
C340,Client 336
C341,Client 337
C342,Client 338
C343,Client 339
C344,Client 340
C345,Client 341
C346,Client 342
C347,Client 343
C348,Client 344
C349,Client 345
C350,Client 346
C351,Client 347
C352,Client 348
C353,Client 349
C354,Client 350
C355,Client 351
C356,Client 352
C357,Client 353
C358,Client 354
C359,Client 355
C360,Client 356
C361,Client 357
C362,Client 358
C363,Client 359
C364,Client 360
C365,Client 361
C366,Client 362
C367,Client 363
C368,Client 364
C369,Client 365
C370,Client 366
C371,Client 367
C372,Client 368
C373,Client 369
C374,Client 370
C375,Client 371
C376,Client 372
C377,Client 373
C378,Client 374
C379,Client 375
C380,Client 376
C381,Client 377
C382,Client 378
C383,Client 379
C384,Client 380
C385,Client 381
C386,Client 382
C387,Client 383
C388,Client 384
C389,Client 385
C390,Client 386
C391,Client 387
C392,Client 388
C393,Client 389
C394,Client 390
C395,Client 391
C396,Client 392
C397,Client 393
C398,Client 394
C399,Client 395
C400,Client 396
C401,Client 397
C402,Client 398
C403,Client 399
C404,Client 400
C405,Client 401
C406,Client 402
C407,Client 403
C408,Client 404
C409,Client 405
C410,Client 406
C411,Client 407
C412,Client 408
C413,Client 409
C414,Client 410
C415,Client 411
C416,Client 412
C417,Client 413
C418,Client 414
C419,Client 415
C420,Client 416
C421,Client 417
C422,Client 418
C423,Client 419
C424,Client 420
C425,Client 421
C426,Client 422
C427,Client 423
C428,Client 424
C429,Client 425
C430,Client 426
C431,Client 427
C432,Client 428
C433,Client 429
C434,Client 430
C435,Client 431
C436,Client 432
C437,Client 433
C438,Client 434
C439,Client 435
C440,Client 436
C441,Client 437
C442,Client 438
C443,Client 439
C444,Client 440
C445,Client 441
C446,Client 442
C447,Client 443
C448,Client 444
C449,Client 445
C450,Client 446
C451,Client 447
C452,Client 448
C453,Client 449
C454,Client 450
C455,Client 451
C456,Client 452
C457,Client 453
C458,Client 454
C459,Client 455
C460,Client 456
C461,Client 457
C462,Client 458
C463,Client 459
C464,Client 460
C465,Client 461
C466,Client 462
C467,Client 463
C468,Client 464
C469,Client 465
C470,Client 466
C471,Client 467
C472,Client 468
C473,Client 469
C474,Client 470
C475,Client 471
C476,Client 472
C477,Client 473
C478,Client 474
C479,Client 475
C480,Client 476
C481,Client 477
C482,Client 478
C483,Client 479
C484,Client 480
C485,Client 481
C486,Client 482
C487,Client 483
C488,Client 484
C489,Client 485
C490,Client 486
C491,Client 487
C492,Client 488
C493,Client 489
C494,Client 490
C495,Client 491
C496,Client 492
C497,Client 493
C498,Client 494
C499,Client 495
C500,Client 496
C501,Client 497
C502,Client 498
C503,Client 499
C504,Client 500
C505,Client 501
C506,Client 502
C507,Client 503
C508,Client 504
C509,Client 505
C510,Client 506
C511,Client 507
C512,Client 508
C513,Client 509
C514,Client 510
C515,Client 511
C516,Client 512
C517,Client 513
C518,Client 514
C519,Client 515
C520,Client 516
C521,Client 517
C522,Client 518
C523,Client 519
C524,Client 520
C525,Client 521
C526,Client 522
C527,Client 523
C528,Client 524
C529,Client 525
C530,Client 526
C531,Client 527
C532,Client 528
C533,Client 529
C534,Client 530
C535,Client 531
C536,Client 532
C537,Client 533
C538,Client 534
C539,Client 535
C540,Client 536
C541,Client 537
C542,Client 538
C543,Client 539
C544,Client 540
C545,Client 541
C546,Client 542
C547,Client 543
C548,Client 544
C549,Client 545
C550,Client 546
C551,Client 547
C552,Client 548
C553,Client 549
C554,Client 550
C555,Client 551
C556,Client 552
C557,Client 553
C558,Client 554
C559,Client 555
C560,Client 556
C561,Client 557
C562,Client 558
C563,Client 559
C564,Client 560
C565,Client 561
C566,Client 562
C567,Client 563
C568,Client 564
C569,Client 565
C570,Client 566
C571,Client 567
C572,Client 568
C573,Client 569
C574,Client 570
C575,Client 571
C576,Client 572
C577,Client 573
C578,Client 574
C579,Client 575
C580,Client 576
C581,Client 577
C582,Client 578
C583,Client 579
C584,Client 580
C585,Client 581
C586,Client 582
C587,Client 583
C588,Client 584
C589,Client 585
C590,Client 586
C591,Client 587
C592,Client 588
C593,Client 589
C594,Client 590
C595,Client 591
C596,Client 592
C597,Client 593
C598,Client 594
C599,Client 595
C600,Client 596
C601,Client 597
C602,Client 598
C603,Client 599
C604,Client 600
C605,Client 601
C606,Client 602
C607,Client 603
C608,Client 604
C609,Client 605
C610,Client 606
C611,Client 607
C612,Client 608
C613,Client 609
C614,Client 610
C615,Client 611
C616,Client 612
C617,Client 613
C618,Client 614
C619,Client 615
C620,Client 616
C621,Client 617
C622,Client 618
C623,Client 619
C624,Client 620
C625,Client 621
C626,Client 622
C627,Client 623
C628,Client 624
C629,Client 625
C630,Client 626
C631,Client 627
C632,Client 628
C633,Client 629
C634,Client 630
C635,Client 631
C636,Client 632
C637,Client 633
C638,Client 634
C639,Client 635
C640,Client 636
C641,Client 637
C642,Client 638
C643,Client 639
C644,Client 640
C645,Client 641
C646,Client 642
C647,Client 643
C648,Client 644
C649,Client 645
C650,Client 646
C651,Client 647
C652,Client 648
C653,Client 649
C654,Client 650
C655,Client 651
C656,Client 652
C657,Client 653
C658,Client 654
C659,Client 655
C660,Client 656
C661,Client 657
C662,Client 658
C663,Client 659
C664,Client 660
C665,Client 661
C666,Client 662
C667,Client 663
C668,Client 664
C669,Client 665
C670,Client 666
C671,Client 667
C672,Client 668
C673,Client 669
C674,Client 670
C675,Client 671
C676,Client 672
C677,Client 673
C678,Client 674
C679,Client 675
C680,Client 676
C681,Client 677
C682,Client 678
C683,Client 679
C684,Client 680
C685,Client 681
C686,Client 682
C687,Client 683
C688,Client 684
C689,Client 685
C690,Client 686
C691,Client 687
C692,Client 688
C693,Client 689
C694,Client 690
C695,Client 691
C696,Client 692
C697,Client 693
C698,Client 694
C699,Client 695
C700,Client 696
C701,Client 697
C702,Client 698
C703,Client 699
C704,Client 700
C705,Client 701
C706,Client 702
C707,Client 703
C708,Client 704
C709,Client 705
C710,Client 706
C711,Client 707
C712,Client 708
C713,Client 709
C714,Client 710
C715,Client 711
C716,Client 712
C717,Client 713
C718,Client 714
C719,Client 715
C720,Client 716
C721,Client 717
C722,Client 718
C723,Client 719
C724,Client 720
C725,Client 721
C726,Client 722
C727,Client 723
C728,Client 724
C729,Client 725
C730,Client 726
C731,Client 727
C732,Client 728
C733,Client 729
C734,Client 730
C735,Client 731
C736,Client 732
C737,Client 733
C738,Client 734
C739,Client 735
C740,Client 736
C741,Client 737
C742,Client 738
C743,Client 739
C744,Client 740
C745,Client 741
C746,Client 742
C747,Client 743
C748,Client 744
C749,Client 745
C750,Client 746
C751,Client 747
C752,Client 748
C753,Client 749
C754,Client 750
C755,Client 751
C756,Client 752
C757,Client 753
C758,Client 754
C759,Client 755
C760,Client 756
C761,Client 757
C762,Client 758
C763,Client 759
C764,Client 760
C765,Client 761
C766,Client 762
C767,Client 763
C768,Client 764
C769,Client 765
C770,Client 766
C771,Client 767
C772,Client 768
C773,Client 769
C774,Client 770
C775,Client 771
C776,Client 772
C777,Client 773
C778,Client 774
C779,Client 775
C780,Client 776
C781,Client 777
C782,Client 778
C783,Client 779
C784,Client 780
C785,Client 781
C786,Client 782
C787,Client 783
C788,Client 784
C789,Client 785
C790,Client 786
C791,Client 787
C792,Client 788
C793,Client 789
C794,Client 790
C795,Client 791
C796,Client 792
C797,Client 793
C798,Client 794
C799,Client 795
C800,Client 796
C801,Client 797
C802,Client 798
C803,Client 799
C804,Client 800
C805,Client 801
C806,Client 802
C807,Client 803
C808,Client 804
C809,Client 805
C810,Client 806
C811,Client 807
C812,Client 808
C813,Client 809
C814,Client 810
C815,Client 811
C816,Client 812
C817,Client 813
C818,Client 814
C819,Client 815
C820,Client 816
C821,Client 817
C822,Client 818
C823,Client 819
C824,Client 820
C825,Client 821
C826,Client 822
C827,Client 823
C828,Client 824
C829,Client 825
C830,Client 826
C831,Client 827
C832,Client 828
C833,Client 829
C834,Client 830
C835,Client 831
C836,Client 832
C837,Client 833
C838,Client 834
C839,Client 835
C840,Client 836
C841,Client 837
C842,Client 838
C843,Client 839
C844,Client 840
C845,Client 841
C846,Client 842
C847,Client 843
C848,Client 844
C849,Client 845
C850,Client 846
C851,Client 847
C852,Client 848
C853,Client 849
C854,Client 850
C855,Client 851
C856,Client 852
C857,Client 853
C858,Client 854
C859,Client 855
C860,Client 856
C861,Client 857
C862,Client 858
C863,Client 859
C864,Client 860
C865,Client 861
C866,Client 862
C867,Client 863
C868,Client 864
C869,Client 865
C870,Client 866
C871,Client 867
C872,Client 868
C873,Client 869
C874,Client 870
C875,Client 871
C876,Client 872
C877,Client 873
C878,Client 874
C879,Client 875
C880,Client 876
C881,Client 877
C882,Client 878
C883,Client 879
C884,Client 880
C885,Client 881
C886,Client 882
C887,Client 883
C888,Client 884
C889,Client 885
C890,Client 886
C891,Client 887
C892,Client 888
C893,Client 889
C894,Client 890
C895,Client 891
C896,Client 892
C897,Client 893
C898,Client 894
C899,Client 895
C900,Client 896
C901,Client 897
C902,Client 898
C903,Client 899
C904,Client 900
C905,Client 901
C906,Client 902
C907,Client 903
C908,Client 904
C909,Client 905
C910,Client 906
C911,Client 907
C912,Client 908
C913,Client 909
C914,Client 910
C915,Client 911
C916,Client 912
C917,Client 913
C918,Client 914
C919,Client 915
C920,Client 916
C921,Client 917
C922,Client 918
C923,Client 919
C924,Client 920
C925,Client 921
C926,Client 922
C927,Client 923
C928,Client 924
C929,Client 925
C930,Client 926
C931,Client 927
C932,Client 928
C933,Client 929
C934,Client 930
C935,Client 931
C936,Client 932
C937,Client 933
C938,Client 934
C939,Client 935
C940,Client 936
C941,Client 937
C942,Client 938
C943,Client 939
C944,Client 940
C945,Client 941
C946,Client 942
C947,Client 943
C948,Client 944
C949,Client 945
C950,Client 946
C951,Client 947
C952,Client 948
C953,Client 949
C954,Client 950
C955,Client 951
C956,Client 952
C957,Client 953
C958,Client 954
C959,Client 955
C960,Client 956
C961,Client 957
C962,Client 958
C963,Client 959
C964,Client 960
C965,Client 961
C966,Client 962
C967,Client 963
C968,Client 964
C969,Client 965
C970,Client 966
C971,Client 967
C972,Client 968
C973,Client 969
C974,Client 970
C975,Client 971
C976,Client 972
C977,Client 973
C978,Client 974
C979,Client 975
C980,Client 976
C981,Client 977
C982,Client 978
C983,Client 979
C984,Client 980
C985,Client 981
C986,Client 982
C987,Client 983
C988,Client 984
C989,Client 985
C990,Client 986
C991,Client 987
C992,Client 988
C993,Client 989
C994,Client 990
C995,Client 991
C996,Client 992
C997,Client 993
C998,Client 994
C999,Client 995
C1000,Client 996
C1001,Client 997
C1002,Client 998
C1003,Client 999
C1004,Client 1000
C1005,Client 1001
C1006,Client 1002
C1007,Client 1003
C1008,Client 1004
C1009,Client 1005
C1010,Client 1006
C1011,Client 1007
C1012,Client 1008
C1013,Client 1009
C1014,Client 1010
C1015,Client 1011
C1016,Client 1012
C1017,Client 1013
C1018,Client 1014
C1019,Client 1015
C1020,Client 1016
C1021,Client 1017
C1022,Client 1018
C1023,Client 1019
C1024,Client 1020
C1025,Client 1021
C1026,Client 1022
C1027,Client 1023
C1028,Client 1024
C1029,Client 1025
C1030,Client 1026
C1031,Client 1027
C1032,Client 1028
C1033,Client 1029
C1034,Client 1030
C1035,Client 1031
C1036,Client 1032
C1037,Client 1033
C1038,Client 1034
C1039,Client 1035
C1040,Client 1036
C1041,Client 1037
C1042,Client 1038
C1043,Client 1039
C1044,Client 1040
C1045,Client 1041
C1046,Client 1042
C1047,Client 1043
C1048,Client 1044
C1049,Client 1045
C1050,Client 1046
C1051,Client 1047
C1052,Client 1048
C1053,Client 1049
C1054,Client 1050
C1055,Client 1051
C1056,Client 1052
C1057,Client 1053
C1058,Client 1054
C1059,Client 1055
C1060,Client 1056
C1061,Client 1057
C1062,Client 1058
C1063,Client 1059
C1064,Client 1060
C1065,Client 1061
C1066,Client 1062
C1067,Client 1063
C1068,Client 1064
C1069,Client 1065
C1070,Client 1066
C1071,Client 1067
C1072,Client 1068
C1073,Client 1069
C1074,Client 1070
C1075,Client 1071
C1076,Client 1072
C1077,Client 1073
C1078,Client 1074
C1079,Client 1075
C1080,Client 1076
C1081,Client 1077
C1082,Client 1078
C1083,Client 1079
C1084,Client 1080
C1085,Client 1081
C1086,Client 1082
C1087,Client 1083
C1088,Client 1084
C1089,Client 1085
C1090,Client 1086
C1091,Client 1087
C1092,Client 1088
C1093,Client 1089
C1094,Client 1090
C1095,Client 1091
C1096,Client 1092
C1097,Client 1093
C1098,Client 1094
C1099,Client 1095
C1100,Client 1096
C1101,Client 1097
C1102,Client 1098
C1103,Client 1099
C1104,Client 1100
C1105,Client 1101
C1106,Client 1102
C1107,Client 1103
C1108,Client 1104
C1109,Client 1105
C1110,Client 1106
C1111,Client 1107
C1112,Client 1108
C1113,Client 1109
C1114,Client 1110
C1115,Client 1111
C1116,Client 1112
C1117,Client 1113
C1118,Client 1114
C1119,Client 1115
C1120,Client 1116
C1121,Client 1117
C1122,Client 1118
C1123,Client 1119
C1124,Client 1120
C1125,Client 1121
C1126,Client 1122
C1127,Client 1123
C1128,Client 1124
C1129,Client 1125
C1130,Client 1126
C1131,Client 1127
C1132,Client 1128
C1133,Client 1129
C1134,Client 1130
C1135,Client 1131
C1136,Client 1132
C1137,Client 1133
C1138,Client 1134
C1139,Client 1135
C1140,Client 1136
C1141,Client 1137
C1142,Client 1138
C1143,Client 1139
C1144,Client 1140
C1145,Client 1141
C1146,Client 1142
C1147,Client 1143
C1148,Client 1144
C1149,Client 1145
C1150,Client 1146
C1151,Client 1147
C1152,Client 1148
C1153,Client 1149
C1154,Client 1150
C1155,Client 1151
C1156,Client 1152
C1157,Client 1153
C1158,Client 1154
C1159,Client 1155
C1160,Client 1156
C1161,Client 1157
C1162,Client 1158
C1163,Client 1159
C1164,Client 1160
C1165,Client 1161
C1166,Client 1162
C1167,Client 1163
C1168,Client 1164
C1169,Client 1165
C1170,Client 1166
C1171,Client 1167
C1172,Client 1168
C1173,Client 1169
C1174,Client 1170
C1175,Client 1171
C1176,Client 1172
C1177,Client 1173
C1178,Client 1174
C1179,Client 1175
C1180,Client 1176
C1181,Client 1177
C1182,Client 1178
C1183,Client 1179
C1184,Client 1180
C1185,Client 1181
C1186,Client 1182
C1187,Client 1183
C1188,Client 1184
C1189,Client 1185
C1190,Client 1186
C1191,Client 1187
C1192,Client 1188
C1193,Client 1189
C1194,Client 1190
C1195,Client 1191
C1196,Client 1192
C1197,Client 1193
C1198,Client 1194
C1199,Client 1195
C1200,Client 1196
C1201,Client 1197
C1202,Client 1198
C1203,Client 1199
C1204,Client 1200
C1205,Client 1201
C1206,Client 1202
C1207,Client 1203
C1208,Client 1204
C1209,Client 1205
C1210,Client 1206
C1211,Client 1207
C1212,Client 1208
C1213,Client 1209
C1214,Client 1210
C1215,Client 1211
C1216,Client 1212
C1217,Client 1213
C1218,Client 1214
C1219,Client 1215
C1220,Client 1216
C1221,Client 1217
C1222,Client 1218
C1223,Client 1219
C1224,Client 1220
C1225,Client 1221
C1226,Client 1222
C1227,Client 1223
C1228,Client 1224
C1229,Client 1225
C1230,Client 1226
C1231,Client 1227
C1232,Client 1228
C1233,Client 1229
C1234,Client 1230
C1235,Client 1231
C1236,Client 1232
C1237,Client 1233
C1238,Client 1234
C1239,Client 1235
C1240,Client 1236
C1241,Client 1237
C1242,Client 1238
C1243,Client 1239
C1244,Client 1240
C1245,Client 1241
C1246,Client 1242
C1247,Client 1243
C1248,Client 1244
C1249,Client 1245
C1250,Client 1246
C1251,Client 1247
C1252,Client 1248
C1253,Client 1249
C1254,Client 1250
C1255,Client 1251
C1256,Client 1252
C1257,Client 1253
C1258,Client 1254
C1259,Client 1255
C1260,Client 1256
C1261,Client 1257
C1262,Client 1258
C1263,Client 1259
C1264,Client 1260
C1265,Client 1261
C1266,Client 1262
C1267,Client 1263
C1268,Client 1264
C1269,Client 1265
C1270,Client 1266
C1271,Client 1267
C1272,Client 1268
C1273,Client 1269
C1274,Client 1270
C1275,Client 1271
C1276,Client 1272
C1277,Client 1273
C1278,Client 1274
C1279,Client 1275
C1280,Client 1276
C1281,Client 1277
C1282,Client 1278
C1283,Client 1279
C1284,Client 1280
C1285,Client 1281
C1286,Client 1282
C1287,Client 1283
C1288,Client 1284
C1289,Client 1285
C1290,Client 1286
C1291,Client 1287
C1292,Client 1288
C1293,Client 1289
C1294,Client 1290
C1295,Client 1291
C1296,Client 1292
C1297,Client 1293
C1298,Client 1294
C1299,Client 1295
C1300,Client 1296
C1301,Client 1297
C1302,Client 1298
C1303,Client 1299
C1304,Client 1300
C1305,Client 1301
C1306,Client 1302
C1307,Client 1303
C1308,Client 1304
C1309,Client 1305
C1310,Client 1306
C1311,Client 1307
C1312,Client 1308
C1313,Client 1309
C1314,Client 1310
C1315,Client 1311
C1316,Client 1312
C1317,Client 1313
C1318,Client 1314
C1319,Client 1315
C1320,Client 1316
C1321,Client 1317
C1322,Client 1318
C1323,Client 1319
C1324,Client 1320
C1325,Client 1321
C1326,Client 1322
C1327,Client 1323
C1328,Client 1324
C1329,Client 1325
C1330,Client 1326
C1331,Client 1327
C1332,Client 1328
C1333,Client 1329
C1334,Client 1330
C1335,Client 1331
C1336,Client 1332
C1337,Client 1333
C1338,Client 1334
C1339,Client 1335
C1340,Client 1336
C1341,Client 1337
C1342,Client 1338
C1343,Client 1339
C1344,Client 1340
C1345,Client 1341
C1346,Client 1342
C1347,Client 1343
C1348,Client 1344
C1349,Client 1345
C1350,Client 1346
C1351,Client 1347
C1352,Client 1348
C1353,Client 1349
C1354,Client 1350
C1355,Client 1351
C1356,Client 1352
C1357,Client 1353
C1358,Client 1354
C1359,Client 1355
C1360,Client 1356
C1361,Client 1357
C1362,Client 1358
C1363,Client 1359
C1364,Client 1360
C1365,Client 1361
C1366,Client 1362
C1367,Client 1363
C1368,Client 1364
C1369,Client 1365
C1370,Client 1366
C1371,Client 1367
C1372,Client 1368
C1373,Client 1369
C1374,Client 1370
C1375,Client 1371
C1376,Client 1372
C1377,Client 1373
C1378,Client 1374
C1379,Client 1375
C1380,Client 1376
C1381,Client 1377
C1382,Client 1378
C1383,Client 1379
C1384,Client 1380
C1385,Client 1381
C1386,Client 1382
C1387,Client 1383
C1388,Client 1384
C1389,Client 1385
C1390,Client 1386
C1391,Client 1387
C1392,Client 1388
C1393,Client 1389
C1394,Client 1390
C1395,Client 1391
C1396,Client 1392
C1397,Client 1393
C1398,Client 1394
C1399,Client 1395
C1400,Client 1396
C1401,Client 1397
C1402,Client 1398
C1403,Client 1399
C1404,Client 1400
C1405,Client 1401
C1406,Client 1402
C1407,Client 1403
C1408,Client 1404
C1409,Client 1405
C1410,Client 1406
C1411,Client 1407
C1412,Client 1408
C1413,Client 1409
C1414,Client 1410
C1415,Client 1411
C1416,Client 1412
C1417,Client 1413
C1418,Client 1414
C1419,Client 1415
C1420,Client 1416
C1421,Client 1417
C1422,Client 1418
C1423,Client 1419
C1424,Client 1420
C1425,Client 1421
C1426,Client 1422
C1427,Client 1423
C1428,Client 1424
C1429,Client 1425
C1430,Client 1426
C1431,Client 1427
C1432,Client 1428
C1433,Client 1429
C1434,Client 1430
C1435,Client 1431
C1436,Client 1432
C1437,Client 1433
C1438,Client 1434
C1439,Client 1435
C1440,Client 1436
C1441,Client 1437
C1442,Client 1438
C1443,Client 1439
C1444,Client 1440
C1445,Client 1441
C1446,Client 1442
C1447,Client 1443
C1448,Client 1444
C1449,Client 1445
C1450,Client 1446
C1451,Client 1447
C1452,Client 1448
C1453,Client 1449
C1454,Client 1450
C1455,Client 1451
C1456,Client 1452
C1457,Client 1453
C1458,Client 1454
C1459,Client 1455
C1460,Client 1456
C1461,Client 1457
C1462,Client 1458
C1463,Client 1459
C1464,Client 1460
C1465,Client 1461
C1466,Client 1462
C1467,Client 1463
C1468,Client 1464
C1469,Client 1465
C1470,Client 1466
C1471,Client 1467
C1472,Client 1468
C1473,Client 1469
C1474,Client 1470
C1475,Client 1471
C1476,Client 1472
C1477,Client 1473
C1478,Client 1474
C1479,Client 1475
C1480,Client 1476
C1481,Client 1477
C1482,Client 1478
C1483,Client 1479
C1484,Client 1480
C1485,Client 1481
C1486,Client 1482
C1487,Client 1483
C1488,Client 1484
C1489,Client 1485
C1490,Client 1486
C1491,Client 1487
C1492,Client 1488
C1493,Client 1489
C1494,Client 1490
C1495,Client 1491
C1496,Client 1492
C1497,Client 1493
C1498,Client 1494
C1499,Client 1495
C1500,Client 1496
C1501,Client 1497
C1502,Client 1498
C1503,Client 1499
C1504,Client 1500
