CDN0000,Client 001
CDN0001,Client 002
CDN0002,Client 003
CDN0003,Client 004
CDN0004,Client 005
CDN0005,Client 006
CDN0006,Client 007
CDN0007,Client 008
CDN0008,Client 009
CDN0000,Client 011
CDN0001,Client 012
CDN0002,Client 013
CDN0003,Client 014
CDN0004,Client 015
CDN0005,Client 016
CDN0006,Client 017
CDN0007,Client 018
CDN0008,Client 019
CDN0000,Client 021
CDN0001,Client 022
CDN0002,Client 023
CDN0003,Client 024
CDN0004,Client 025
CDN0005,Client 026
CDN0006,Client 027
CDN0007,Client 028
CDN0008,Client 029